{
    "pages": [
        {
            "pageName": "Page1",
            "content": {
                "images": [
                    {
                        "image": "img1",
                        "x": 0,
                        "y": 0,
                        "size": {
                            "width": 1250,
                            "height": 1920
                        }
                    }

                ]
            }
        },
        {
            "pageName": "Page2",
            "content": {
                "images": [
                    {
                        "image": "img2",
                        "x": 0,
                        "y": 0,
                        "size": {
                            "width": 1250,
                            "height": 1920
                        }
                    }
                ]
            }
        },
        {
            "pageName": "Page3",
            "content": {
                "images": [
                    {
                        "image": "img3",
                        "x": 0,
                        "y": 0,
                        "size": {
                            "width": 1250,
                            "height": 1920
                        }
                    }
                ]
            }
        },
        {
            "pageName": "Page4",
            "content": {
                "images": [
                    {
                        "image": "img4",
                        "x": 0,
                        "y": 0,
                        "size": {
                            "width": 1250,
                            "height": 1920
                        }
                    }
                ]
            }
        },
        {
            "pageName": "Page5",
            "content": {
                "images": [
                    {
                        "image": "img5",
                        "x": 0,
                        "y": 0,
                        "size": {
                            "width": 1250,
                            "height": 1920
                        }
                    }
                ]
            }
        },
        {
            "pageName": "Page6",
            "content": {
                "images": [
                    {
                        "image": "img6",
                        "x": 0,
                        "y": 0,
                        "size": {
                            "width": 1250,
                            "height": 1920
                        }
                    }
                ]
            }
        },
        {
            "pageName": "Page7",
            "content": {
                "images": [
                    {
                        "image": "img7",
                        "x": 0,
                        "y": 0,
                        "size": {
                            "width": 1250,
                            "height": 1920
                        }
                    }
                ]
            }
        },
        {
            "pageName": "Page8",
            "content": {
                "images": [
                    {
                        "image": "img8",
                        "x": 0,
                        "y": 0,
                        "size": {
                            "width": 1250,
                            "height": 1920
                        }
                    }
                ]
            }
        },
        {
            "pageName": "Page9",
            "content": {
                "images": [
                    {
                        "image": "img9",
                        "x": 0,
                        "y": 0,
                        "size": {
                            "width": 1250,
                            "height": 1920
                        }
                    }
                ]
            }
        },
        {
            "pageName": "Page10",
            "content": {
                "images": [
                    {
                        "image": "img10",
                        "x": 0,
                        "y": 0,
                        "size": {
                            "width": 1250,
                            "height": 1920
                        }
                    }
                ]
            }
        },
        {
            "pageName": "Page11",
            "content": {
                "images": [
                    {
                        "image": "img11",
                        "x": 0,
                        "y": 0,
                        "size": {
                            "width": 1250,
                            "height": 1920
                        }
                    }
                ]
            }
        },
        {
            "pageName": "Page12",
            "content": {
                "images": [
                    {
                        "image": "img12",
                        "x": 0,
                        "y": 0,
                        "size": {
                            "width": 1250,
                            "height": 1920
                        }
                    }
                ]
            }
        },
        {
            "pageName": "Page13",
            "content": {
                "images": [
                    {
                        "image": "img13",
                        "x": 0,
                        "y": 0,
                        "size": {
                            "width": 1250,
                            "height": 1920
                        }
                    }
                ]
            }
        },
        {
            "pageName": "Page14",
            "content": {
                "images": [
                    {
                        "image": "img14",
                        "x": 0,
                        "y": 0,
                        "size": {
                            "width": 1250,
                            "height": 1920
                        }
                    }
                ]
            }
        },
        {
            "pageName": "Page15",
            "content": {
                "images": [
                    {
                        "image": "img15",
                        "x": 0,
                        "y": 0,
                        "size": {
                            "width": 1250,
                            "height": 1920
                        }
                    }
                ]
            }
        },
        {
            "pageName": "Page16",
            "content": {
                "images": [
                    {
                        "image": "img16",
                        "x": 0,
                        "y": 0,
                        "size": {
                            "width": 1250,
                            "height": 1920
                        }
                    }
                ]
            }
        },
        {
            "pageName": "Page17",
            "content": {
                "images": [
                    {
                        "image": "img17",
                        "x": 0,
                        "y": 0,
                        "size": {
                            "width": 1250,
                            "height": 1920
                        }
                    }
                ]
            }
        },
        {
            "pageName": "Page18",
            "content": {
                "images": [
                    {
                        "image": "img18",
                        "x": 0,
                        "y": 0,
                        "size": {
                            "width": 1250,
                            "height": 1920
                        }
                    }
                ]
            }
        },
        {
            "pageName": "Page19",
            "content": {
                "images": [
                    {
                        "image": "img19",
                        "x": 0,
                        "y": 0,
                        "size": {
                            "width": 1250,
                            "height": 1920
                        }
                    }
                ]
            }
        },
        {
            "pageName": "Page20",
            "content": {
                "images": [
                    {
                        "image": "img20",
                        "x": 0,
                        "y": 0,
                        "size": {
                            "width": 1250,
                            "height": 1920
                        }
                    }
                ]
            }
        },
        {
            "pageName": "Page21",
            "content": {
                "images": [
                    {
                        "image": "img21",
                        "x": 0,
                        "y": 0,
                        "size": {
                            "width": 1250,
                            "height": 1920
                        }
                    }
                ]
            }
        },
        {
            "pageName": "Page22",
            "content": {
                "images": [
                    {
                        "image": "img22",
                        "x": 0,
                        "y": 0,
                        "size": {
                            "width": 1250,
                            "height": 1920
                        }
                    }
                ]
            }
        },
        {
            "pageName": "Page23",
            "content": {
                "images": [
                    {
                        "image": "img23",
                        "x": 0,
                        "y": 0,
                        "size": {
                            "width": 1250,
                            "height": 1920
                        }
                    }
                ]
            }
        },
        {
            "pageName": "Page24",
            "content": {
                "images": [
                    {
                        "image": "img24",
                        "x": 0,
                        "y": 0,
                        "size": {
                            "width": 1250,
                            "height": 1920
                        }
                    }
                ]
            }
        },
        {
            "pageName": "Page25",
            "content": {
                "images": [
                    {
                        "image": "img25",
                        "x": 0,
                        "y": 0,
                        "size": {
                            "width": 1250,
                            "height": 1920
                        }
                    }
                ]
            }
        },
        {
            "pageName": "Page26",
            "content": {
                "images": [
                    {
                        "image": "img26",
                        "x": 0,
                        "y": 0,
                        "size": {
                            "width": 1250,
                            "height": 1920
                        }
                    }
                ]
            }
        },
        {
            "pageName": "Page27",
            "content": {
                "images": [
                    {
                        "image": "img27",
                        "x": 0,
                        "y": 0,
                        "size": {
                            "width": 1250,
                            "height": 1920
                        }
                    }
                ]
            }
        }
    ]
}
